{
    "experiment_name": "mnist_lr_0.0001_bs_128_run1",
    "final_metrics": {
        "test_loss": 0.08757322281599045,
        "test_accuracy": 0.9740999937057495
    },
    "training_history": {
        "accuracy": [
            0.846833348274231,
            0.9323124885559082,
            0.9463541507720947,
            0.9557499885559082,
            0.9638749957084656,
            0.9692291617393494,
            0.9733333587646484,
            0.9767500162124634,
            0.9803749918937683,
            0.9820208549499512
        ],
        "loss": [
            0.6332265138626099,
            0.2448209673166275,
            0.18764247000217438,
            0.15281794965267181,
            0.12790249288082123,
            0.11010652780532837,
            0.09517733007669449,
            0.08356007188558578,
            0.0737515389919281,
            0.06563502550125122
        ],
        "val_accuracy": [
            0.9247499704360962,
            0.9435833096504211,
            0.9519166946411133,
            0.9574999809265137,
            0.9620833396911621,
            0.9640833139419556,
            0.9675833582878113,
            0.968500018119812,
            0.9683333039283752,
            0.9695000052452087
        ],
        "val_loss": [
            0.2745099365711212,
            0.20328302681446075,
            0.17258112132549286,
            0.14647327363491058,
            0.13215945661067963,
            0.12219372391700745,
            0.11286590248346329,
            0.10813524574041367,
            0.10604345053434372,
            0.10056982189416885
        ]
    }
}