{
    "experiment_name": "mnist_lr_0.0001_bs_128_run1",
    "final_metrics": {
        "test_loss": 0.08619000017642975,
        "test_accuracy": 0.9728000164031982
    },
    "training_history": {
        "accuracy": [
            0.8476874828338623,
            0.9318958520889282,
            0.9480000138282776,
            0.958020806312561,
            0.9652500152587891,
            0.9702500104904175,
            0.973562479019165,
            0.9775833487510681,
            0.9809166789054871,
            0.9829375147819519
        ],
        "loss": [
            0.6374357342720032,
            0.2430649995803833,
            0.18486157059669495,
            0.14927229285240173,
            0.12478356063365936,
            0.10662638396024704,
            0.09291364252567291,
            0.08027195930480957,
            0.07095173001289368,
            0.06302665174007416
        ],
        "val_accuracy": [
            0.9247499704360962,
            0.9446666836738586,
            0.9535833597183228,
            0.9581666588783264,
            0.9620833396911621,
            0.9663333296775818,
            0.9665833115577698,
            0.9694166779518127,
            0.9702500104904175,
            0.9709166884422302
        ],
        "val_loss": [
            0.27090808749198914,
            0.2012590765953064,
            0.1667548567056656,
            0.142353817820549,
            0.12985117733478546,
            0.1174960732460022,
            0.11266221851110458,
            0.10215017944574356,
            0.09939295798540115,
            0.09532344341278076
        ]
    }
}