{
    "experiment_name": "mnist_lr_0.001_bs_64_run1",
    "final_metrics": {
        "test_loss": 0.11759021133184433,
        "test_accuracy": 0.9758999943733215
    },
    "training_history": {
        "accuracy": [
            0.9337499737739563,
            0.9735000133514404,
            0.9832083582878113,
            0.9866874814033508,
            0.9893541932106018,
            0.9913750290870667,
            0.9929166436195374,
            0.9943125247955322,
            0.9939166903495789,
            0.9955000281333923
        ],
        "loss": [
            0.2204248607158661,
            0.0868234634399414,
            0.05425544083118439,
            0.04042595252394676,
            0.030695268884301186,
            0.025074612349271774,
            0.02040018141269684,
            0.016811374574899673,
            0.018646735697984695,
            0.013775666244328022
        ],
        "val_accuracy": [
            0.9671666622161865,
            0.9748333096504211,
            0.9754166603088379,
            0.9778333306312561,
            0.9768333435058594,
            0.9764999747276306,
            0.9784166812896729,
            0.9746666550636292,
            0.9756666421890259,
            0.9764166474342346
        ],
        "val_loss": [
            0.11301349848508835,
            0.08158795535564423,
            0.08243881165981293,
            0.07896754890680313,
            0.08756883442401886,
            0.08568734675645828,
            0.08821111172437668,
            0.11584561318159103,
            0.10638053715229034,
            0.11209019273519516
        ]
    }
}