{
    "experiment_name": "mnist_lr_0.001_bs_64_run1",
    "final_metrics": {
        "test_loss": 0.10187885165214539,
        "test_accuracy": 0.9772999882698059
    },
    "training_history": {
        "accuracy": [
            0.9333541393280029,
            0.9739375114440918,
            0.9832500219345093,
            0.987375020980835,
            0.9902708530426025,
            0.9913333058357239,
            0.9931666851043701,
            0.9946666955947876,
            0.9947083592414856,
            0.995229184627533
        ],
        "loss": [
            0.22323369979858398,
            0.08477957546710968,
            0.0538705512881279,
            0.03878236934542656,
            0.028944097459316254,
            0.025704503059387207,
            0.02003580518066883,
            0.017530333250761032,
            0.01650031842291355,
            0.01425046194344759
        ],
        "val_accuracy": [
            0.9679999947547913,
            0.9727500081062317,
            0.968916654586792,
            0.9784166812896729,
            0.9756666421890259,
            0.9749166369438171,
            0.9779999852180481,
            0.971750020980835,
            0.9760000109672546,
            0.9764166474342346
        ],
        "val_loss": [
            0.10702784359455109,
            0.08989065885543823,
            0.09896087646484375,
            0.07880407571792603,
            0.08847407251596451,
            0.1055067926645279,
            0.0990709662437439,
            0.11762586236000061,
            0.11443538218736649,
            0.10620713233947754
        ]
    }
}