{
    "experiment_name": "mnist_small_arch_run1",
    "final_metrics": {
        "test_loss": 0.08763475716114044,
        "test_accuracy": 0.9775000214576721
    },
    "training_history": {
        "accuracy": [
            0.925208330154419,
            0.9709374904632568,
            0.9800208210945129,
            0.9861666560173035,
            0.989062488079071,
            0.9904375076293945,
            0.992437481880188,
            0.9934375286102295,
            0.9939583539962769,
            0.9951249957084656
        ],
        "loss": [
            0.25945425033569336,
            0.097559355199337,
            0.06439203768968582,
            0.04483500495553017,
            0.03374532610177994,
            0.027928417548537254,
            0.021623020991683006,
            0.018354086205363274,
            0.017835523933172226,
            0.014040088281035423
        ],
        "val_accuracy": [
            0.9585000276565552,
            0.9700000286102295,
            0.9715833067893982,
            0.9735000133514404,
            0.9779166579246521,
            0.9778333306312561,
            0.9676666855812073,
            0.9749166369438171,
            0.9764999747276306,
            0.9759166836738586
        ],
        "val_loss": [
            0.13140122592449188,
            0.10491923987865448,
            0.08871688693761826,
            0.08982846885919571,
            0.08076619356870651,
            0.08764546364545822,
            0.11954952776432037,
            0.10477422922849655,
            0.10288938134908676,
            0.10760634392499924
        ]
    }
}