{
    "experiment_name": "mnist_small_arch_run1",
    "final_metrics": {
        "test_loss": 0.09092025458812714,
        "test_accuracy": 0.9775000214576721
    },
    "training_history": {
        "accuracy": [
            0.9266250133514404,
            0.9692916870117188,
            0.9808750152587891,
            0.9855208396911621,
            0.9895833134651184,
            0.9911041855812073,
            0.9926666617393494,
            0.9939166903495789,
            0.9948333501815796,
            0.9932916760444641
        ],
        "loss": [
            0.25517597794532776,
            0.09921738505363464,
            0.062191758304834366,
            0.04738270491361618,
            0.03345105051994324,
            0.028176505118608475,
            0.02271810919046402,
            0.018414584919810295,
            0.01536742877215147,
            0.017261141911149025
        ],
        "val_accuracy": [
            0.9621666669845581,
            0.9664999842643738,
            0.9724166393280029,
            0.9747499823570251,
            0.9787499904632568,
            0.9764166474342346,
            0.9763333201408386,
            0.9745000004768372,
            0.9757500290870667,
            0.9739999771118164
        ],
        "val_loss": [
            0.12851396203041077,
            0.10747920721769333,
            0.09351309388875961,
            0.08729121834039688,
            0.08040789514780045,
            0.08845679461956024,
            0.09345857799053192,
            0.10646623373031616,
            0.10954087972640991,
            0.1157742515206337
        ]
    }
}